{"DESIGNER": 0.32501330971717834, "APPAREL": 0.10935528576374054, "ARTS": 0.09869064390659332}